-- MySQL dump 10.13  Distrib 8.0.46, for Win64 (x86_64)
--
-- Host: 127.0.0.1    Database: ventas
-- ------------------------------------------------------
-- Server version	8.0.46

/*!40101 SET @OLD_CHARACTER_SET_CLIENT=@@CHARACTER_SET_CLIENT */;
/*!40101 SET @OLD_CHARACTER_SET_RESULTS=@@CHARACTER_SET_RESULTS */;
/*!40101 SET @OLD_COLLATION_CONNECTION=@@COLLATION_CONNECTION */;
/*!50503 SET NAMES utf8 */;
/*!40103 SET @OLD_TIME_ZONE=@@TIME_ZONE */;
/*!40103 SET TIME_ZONE='+00:00' */;
/*!40014 SET @OLD_UNIQUE_CHECKS=@@UNIQUE_CHECKS, UNIQUE_CHECKS=0 */;
/*!40014 SET @OLD_FOREIGN_KEY_CHECKS=@@FOREIGN_KEY_CHECKS, FOREIGN_KEY_CHECKS=0 */;
/*!40101 SET @OLD_SQL_MODE=@@SQL_MODE, SQL_MODE='NO_AUTO_VALUE_ON_ZERO' */;
/*!40111 SET @OLD_SQL_NOTES=@@SQL_NOTES, SQL_NOTES=0 */;

--
-- Table structure for table `clientes`
--

DROP TABLE IF EXISTS `clientes`;
/*!40101 SET @saved_cs_client     = @@character_set_client */;
/*!50503 SET character_set_client = utf8mb4 */;
CREATE TABLE `clientes` (
  `id` int unsigned NOT NULL AUTO_INCREMENT,
  `nombre` varchar(100) NOT NULL,
  `apellido1` varchar(100) NOT NULL,
  `apellido2` varchar(100) DEFAULT NULL,
  `ciudad` varchar(100) DEFAULT NULL,
  `categoria` int unsigned DEFAULT NULL,
  PRIMARY KEY (`id`)
) ENGINE=InnoDB AUTO_INCREMENT=13 DEFAULT CHARSET=utf8mb4 COLLATE=utf8mb4_0900_ai_ci;
/*!40101 SET character_set_client = @saved_cs_client */;

--
-- Dumping data for table `clientes`
--

LOCK TABLES `clientes` WRITE;
/*!40000 ALTER TABLE `clientes` DISABLE KEYS */;
INSERT INTO `clientes` VALUES (1,'Jose Vicente','Sanchez','Vargues','Segorbe',10000),(2,'Adela','Salas','Díaz','Granada',200),(3,'Adolfo','Rubio','Flores','Sevilla',NULL),(4,'Adrián','Suárez',NULL,'Jaén',300),(5,'Marcos','Loyola','Méndez','Almería',200),(6,'María','Santana','Moreno','Cádiz',100),(7,'Pilar','Ruiz',NULL,'Sevilla',300),(8,'Pepe','Ruiz','Santana','Huelva',200),(9,'Guillermo','López','Gómez','Granada',225);
/*!40000 ALTER TABLE `clientes` ENABLE KEYS */;
UNLOCK TABLES;

--
-- Table structure for table `comerciales`
--

DROP TABLE IF EXISTS `comerciales`;
/*!40101 SET @saved_cs_client     = @@character_set_client */;
/*!50503 SET character_set_client = utf8mb4 */;
CREATE TABLE `comerciales` (
  `id` int unsigned NOT NULL AUTO_INCREMENT,
  `nombre` varchar(100) NOT NULL,
  `apellido1` varchar(100) NOT NULL,
  `apellido2` varchar(100) DEFAULT NULL,
  `comision` float DEFAULT NULL,
  PRIMARY KEY (`id`)
) ENGINE=InnoDB AUTO_INCREMENT=9 DEFAULT CHARSET=utf8mb4 COLLATE=utf8mb4_0900_ai_ci;
/*!40101 SET character_set_client = @saved_cs_client */;

--
-- Dumping data for table `comerciales`
--

LOCK TABLES `comerciales` WRITE;
/*!40000 ALTER TABLE `comerciales` DISABLE KEYS */;
INSERT INTO `comerciales` VALUES (1,'Daniel','Sáez','Vega',0.15),(2,'Juan','Gómez','López',0.13),(3,'Diego','Flores','Salas',0.11),(4,'Marta','Herrera','Gil',0.14),(5,'Antonio','Carretero','Ortega',0.12),(6,'Manuel','Domínguez','Hernández',0.13),(7,'Antonio','Vega','Hernández',0.11),(8,'Alfredo','Ruiz','Flores',0.05);
/*!40000 ALTER TABLE `comerciales` ENABLE KEYS */;
UNLOCK TABLES;

--
-- Table structure for table `pedidos`
--

DROP TABLE IF EXISTS `pedidos`;
/*!40101 SET @saved_cs_client     = @@character_set_client */;
/*!50503 SET character_set_client = utf8mb4 */;
CREATE TABLE `pedidos` (
  `id` int unsigned NOT NULL AUTO_INCREMENT,
  `total` double NOT NULL,
  `fecha` date DEFAULT NULL,
  `id_cliente` int unsigned NOT NULL,
  `id_comercial` int unsigned NOT NULL,
  PRIMARY KEY (`id`),
  KEY `id_cliente` (`id_cliente`),
  KEY `id_comercial` (`id_comercial`),
  CONSTRAINT `pedido_ibfk_1` FOREIGN KEY (`id_cliente`) REFERENCES `clientes` (`id`),
  CONSTRAINT `pedido_ibfk_2` FOREIGN KEY (`id_comercial`) REFERENCES `comerciales` (`id`)
) ENGINE=InnoDB AUTO_INCREMENT=17 DEFAULT CHARSET=utf8mb4 COLLATE=utf8mb4_0900_ai_ci;
/*!40101 SET character_set_client = @saved_cs_client */;

--
-- Dumping data for table `pedidos`
--

LOCK TABLES `pedidos` WRITE;
/*!40000 ALTER TABLE `pedidos` DISABLE KEYS */;
INSERT INTO `pedidos` VALUES (1,150.5,'2017-10-05',5,2),(2,270.65,'2016-09-10',1,5),(3,65.26,'2017-10-05',2,1),(4,110.5,'2016-08-17',8,3),(5,948.5,'2017-09-10',5,2),(6,2400.6,'2016-07-27',7,1),(7,5760,'2015-09-10',2,1),(8,1983.43,'2017-10-10',4,6),(9,2480.4,'2016-10-10',8,3),(10,250.45,'2015-06-27',8,2),(11,75.29,'2016-08-17',3,7),(12,3045.6,'2017-04-25',2,1),(13,545.75,'2019-01-25',6,1),(14,145.82,'2017-02-02',6,1),(15,370.85,'2019-03-11',1,5),(16,2389.23,'2019-03-11',1,5);
/*!40000 ALTER TABLE `pedidos` ENABLE KEYS */;
UNLOCK TABLES;
/*!40103 SET TIME_ZONE=@OLD_TIME_ZONE */;

/*!40101 SET SQL_MODE=@OLD_SQL_MODE */;
/*!40014 SET FOREIGN_KEY_CHECKS=@OLD_FOREIGN_KEY_CHECKS */;
/*!40014 SET UNIQUE_CHECKS=@OLD_UNIQUE_CHECKS */;
/*!40101 SET CHARACTER_SET_CLIENT=@OLD_CHARACTER_SET_CLIENT */;
/*!40101 SET CHARACTER_SET_RESULTS=@OLD_CHARACTER_SET_RESULTS */;
/*!40101 SET COLLATION_CONNECTION=@OLD_COLLATION_CONNECTION */;
/*!40111 SET SQL_NOTES=@OLD_SQL_NOTES */;

-- Dump completed on 2026-05-29 13:08:25
